Country,Year,Region,Income_Group,Maternal_Mortality_Ratio,Antenatal_Care_Coverage,Skilled_Birth_Attendance,Adolescent_Birth_Rate,Health_Expenditure_PCT_GDP
India,2000,South Asia,Lower-middle,247.7,55.8,95.5,85.7,6.6
India,2001,South Asia,Lower-middle,250.6,56.0,91.3,82.6,6.1
India,2002,South Asia,Lower-middle,223.2,56.5,90.9,81.9,6.58
India,2003,South Asia,Lower-middle,221.5,62.4,93.9,79.9,6.45
India,2004,South Asia,Lower-middle,225.4,59.8,92.5,80.1,6.86
India,2005,South Asia,Lower-middle,223.2,58.8,99.0,77.6,6.76
India,2006,South Asia,Lower-middle,229.5,58.0,97.8,68.8,6.73
India,2007,South Asia,Lower-middle,218.5,63.7,98.7,75.2,7.22
India,2008,South Asia,Lower-middle,197.0,60.8,98.1,78.8,7.55
India,2009,South Asia,Lower-middle,189.3,64.2,99.0,70.9,7.74
India,2010,South Asia,Lower-middle,212.5,66.5,99.0,71.4,7.7
India,2011,South Asia,Lower-middle,207.1,63.8,99.0,67.2,7.17
India,2012,South Asia,Lower-middle,200.7,69.1,99.0,74.6,7.87
India,2013,South Asia,Lower-middle,181.4,67.4,99.0,69.4,8.43
India,2014,South Asia,Lower-middle,156.8,69.4,99.0,67.4,7.92
India,2015,South Asia,Lower-middle,158.4,67.5,99.0,73.5,7.76
India,2016,South Asia,Lower-middle,165.4,67.6,99.0,67.9,7.83
India,2017,South Asia,Lower-middle,173.8,69.9,99.0,62.7,7.99
India,2018,South Asia,Lower-middle,160.0,66.8,99.0,65.6,8.2
India,2019,South Asia,Lower-middle,156.8,67.7,99.0,62.2,7.96
India,2020,South Asia,Lower-middle,152.7,73.0,99.0,63.2,8.46
India,2021,South Asia,Lower-middle,148.8,68.0,99.0,61.8,9.42
India,2022,South Asia,Lower-middle,142.9,74.3,99.0,55.8,8.97
India,2023,South Asia,Lower-middle,147.5,76.3,99.0,65.1,8.03
Nigeria,2000,Sub-Saharan Africa,Lower-middle,787.5,69.7,62.8,15.2,8.06
Nigeria,2001,Sub-Saharan Africa,Lower-middle,806.6,69.2,64.6,13.3,9.38
Nigeria,2002,Sub-Saharan Africa,Lower-middle,762.9,71.9,66.5,11.9,8.93
Nigeria,2003,Sub-Saharan Africa,Lower-middle,815.8,69.4,65.8,17.6,9.23
Nigeria,2004,Sub-Saharan Africa,Lower-middle,716.7,70.9,67.6,17.6,9.1
Nigeria,2005,Sub-Saharan Africa,Lower-middle,752.9,73.3,67.9,17.3,8.79
Nigeria,2006,Sub-Saharan Africa,Lower-middle,787.1,77.0,65.3,18.6,8.76
Nigeria,2007,Sub-Saharan Africa,Lower-middle,736.0,79.5,67.1,19.6,9.4
Nigeria,2008,Sub-Saharan Africa,Lower-middle,721.5,82.1,69.5,12.5,8.95
Nigeria,2009,Sub-Saharan Africa,Lower-middle,652.1,78.0,72.0,16.4,9.72
Nigeria,2010,Sub-Saharan Africa,Lower-middle,663.6,82.6,71.4,26.0,9.72
Nigeria,2011,Sub-Saharan Africa,Lower-middle,619.3,77.0,74.2,14.0,9.83
Nigeria,2012,Sub-Saharan Africa,Lower-middle,647.3,80.3,71.9,8.6,9.44
Nigeria,2013,Sub-Saharan Africa,Lower-middle,644.2,81.8,71.8,15.2,9.85
Nigeria,2014,Sub-Saharan Africa,Lower-middle,571.4,82.5,76.0,9.7,9.92
Nigeria,2015,Sub-Saharan Africa,Lower-middle,603.1,85.6,79.5,8.6,9.48
Nigeria,2016,Sub-Saharan Africa,Lower-middle,585.9,84.9,79.1,29.3,10.16
Nigeria,2017,Sub-Saharan Africa,Lower-middle,590.6,86.8,80.4,12.4,10.32
Nigeria,2018,Sub-Saharan Africa,Lower-middle,512.3,84.6,78.5,13.8,11.02
Nigeria,2019,Sub-Saharan Africa,Lower-middle,460.7,87.7,76.6,11.3,10.6
Nigeria,2020,Sub-Saharan Africa,Lower-middle,508.4,84.1,79.8,15.7,9.96
Nigeria,2021,Sub-Saharan Africa,Lower-middle,497.7,87.7,81.0,21.4,10.58
Nigeria,2022,Sub-Saharan Africa,Lower-middle,408.5,88.8,81.9,16.0,10.09
Nigeria,2023,Sub-Saharan Africa,Lower-middle,455.4,90.4,86.7,7.6,10.35
Ethiopia,2000,Sub-Saharan Africa,Low,645.7,46.2,47.8,68.2,7.11
Ethiopia,2001,Sub-Saharan Africa,Low,653.8,47.9,41.7,65.0,8.1
Ethiopia,2002,Sub-Saharan Africa,Low,628.8,45.3,36.3,58.4,7.77
Ethiopia,2003,Sub-Saharan Africa,Low,607.0,50.3,41.8,59.9,8.0
Ethiopia,2004,Sub-Saharan Africa,Low,667.2,43.5,49.3,60.9,7.64
Ethiopia,2005,Sub-Saharan Africa,Low,627.5,48.3,45.8,60.4,7.95
Ethiopia,2006,Sub-Saharan Africa,Low,605.0,50.3,52.2,54.4,9.04
Ethiopia,2007,Sub-Saharan Africa,Low,535.8,49.0,50.7,59.7,8.02
Ethiopia,2008,Sub-Saharan Africa,Low,570.3,48.9,48.7,61.2,8.49
Ethiopia,2009,Sub-Saharan Africa,Low,544.1,53.2,51.9,60.3,8.67
Ethiopia,2010,Sub-Saharan Africa,Low,527.4,50.3,54.0,58.7,8.49
Ethiopia,2011,Sub-Saharan Africa,Low,540.1,55.7,51.6,57.6,8.5
Ethiopia,2012,Sub-Saharan Africa,Low,518.0,56.1,56.1,57.9,9.18
Ethiopia,2013,Sub-Saharan Africa,Low,511.5,55.8,54.2,55.2,8.68
Ethiopia,2014,Sub-Saharan Africa,Low,500.5,56.4,53.9,61.5,8.41
Ethiopia,2015,Sub-Saharan Africa,Low,451.8,58.6,58.8,54.8,9.14
Ethiopia,2016,Sub-Saharan Africa,Low,471.5,54.2,58.0,48.8,9.36
Ethiopia,2017,Sub-Saharan Africa,Low,454.9,55.2,58.0,52.4,8.82
Ethiopia,2018,Sub-Saharan Africa,Low,423.5,58.6,60.3,48.0,8.94
Ethiopia,2019,Sub-Saharan Africa,Low,439.1,55.2,57.2,46.3,9.12
Ethiopia,2020,Sub-Saharan Africa,Low,428.3,63.3,63.8,47.8,9.27
Ethiopia,2021,Sub-Saharan Africa,Low,379.5,60.3,61.9,48.9,9.03
Ethiopia,2022,Sub-Saharan Africa,Low,407.9,65.0,63.3,48.5,9.71
Ethiopia,2023,Sub-Saharan Africa,Low,369.9,62.5,64.5,46.5,9.21
Pakistan,2000,South Asia,Lower-middle,347.6,88.3,63.8,72.9,8.44
Pakistan,2001,South Asia,Lower-middle,303.5,88.9,61.1,62.8,7.43
Pakistan,2002,South Asia,Lower-middle,298.0,92.2,64.4,77.9,8.1
Pakistan,2003,South Asia,Lower-middle,294.3,90.4,65.7,64.3,8.53
Pakistan,2004,South Asia,Lower-middle,310.6,92.2,61.2,74.1,7.83
Pakistan,2005,South Asia,Lower-middle,305.2,90.2,64.9,67.8,7.98
Pakistan,2006,South Asia,Lower-middle,277.5,96.5,64.7,66.4,8.08
Pakistan,2007,South Asia,Lower-middle,283.7,97.5,65.5,59.9,8.62
Pakistan,2008,South Asia,Lower-middle,275.3,94.6,73.1,65.6,8.66
Pakistan,2009,South Asia,Lower-middle,265.8,99.0,74.6,63.3,8.66
Pakistan,2010,South Asia,Lower-middle,267.0,99.0,68.8,66.2,8.77
Pakistan,2011,South Asia,Lower-middle,230.1,95.9,67.0,61.5,8.71
Pakistan,2012,South Asia,Lower-middle,265.8,99.0,77.2,56.1,7.82
Pakistan,2013,South Asia,Lower-middle,239.7,99.0,74.0,52.5,8.55
Pakistan,2014,South Asia,Lower-middle,217.6,99.0,75.9,56.1,8.46
Pakistan,2015,South Asia,Lower-middle,214.6,99.0,78.4,55.1,8.94
Pakistan,2016,South Asia,Lower-middle,215.3,99.0,76.7,54.0,8.6
Pakistan,2017,South Asia,Lower-middle,200.6,99.0,78.0,54.5,8.98
Pakistan,2018,South Asia,Lower-middle,208.4,99.0,80.4,59.4,8.76
Pakistan,2019,South Asia,Lower-middle,196.3,99.0,74.0,49.4,9.6
Pakistan,2020,South Asia,Lower-middle,218.6,99.0,82.2,55.9,10.36
Pakistan,2021,South Asia,Lower-middle,205.8,99.0,79.3,47.3,9.29
Pakistan,2022,South Asia,Lower-middle,175.6,99.0,81.0,48.5,9.96
Pakistan,2023,South Asia,Lower-middle,190.5,99.0,87.3,52.3,9.02
Bangladesh,2000,South Asia,Lower-middle,279.8,65.0,79.5,59.7,2.46
Bangladesh,2001,South Asia,Lower-middle,291.0,67.6,76.9,49.0,2.75
Bangladesh,2002,South Asia,Lower-middle,279.5,67.9,79.8,50.6,3.08
Bangladesh,2003,South Asia,Lower-middle,262.8,69.4,81.9,52.1,2.86
Bangladesh,2004,South Asia,Lower-middle,269.0,73.5,76.8,51.7,3.07
Bangladesh,2005,South Asia,Lower-middle,268.9,70.5,77.5,42.4,3.43
Bangladesh,2006,South Asia,Lower-middle,259.7,70.9,84.5,41.6,3.46
Bangladesh,2007,South Asia,Lower-middle,237.1,72.3,84.0,44.2,3.41
Bangladesh,2008,South Asia,Lower-middle,257.3,73.3,86.9,42.4,3.86
Bangladesh,2009,South Asia,Lower-middle,256.8,69.3,83.8,48.6,3.64
Bangladesh,2010,South Asia,Lower-middle,238.8,74.8,87.0,45.1,4.27
Bangladesh,2011,South Asia,Lower-middle,231.9,77.9,86.7,43.1,3.71
Bangladesh,2012,South Asia,Lower-middle,228.0,76.8,89.4,52.7,4.31
Bangladesh,2013,South Asia,Lower-middle,214.1,81.6,88.6,35.6,3.63
Bangladesh,2014,South Asia,Lower-middle,190.6,78.5,90.6,49.9,4.25
Bangladesh,2015,South Asia,Lower-middle,204.2,82.3,86.0,43.5,4.5
Bangladesh,2016,South Asia,Lower-middle,184.1,83.8,93.3,40.2,4.53
Bangladesh,2017,South Asia,Lower-middle,222.0,82.2,94.1,39.4,4.01
Bangladesh,2018,South Asia,Lower-middle,199.8,80.4,94.6,38.7,4.62
Bangladesh,2019,South Asia,Lower-middle,188.5,85.9,94.1,38.9,4.12
Bangladesh,2020,South Asia,Lower-middle,173.9,85.0,98.2,35.7,4.93
Bangladesh,2021,South Asia,Lower-middle,189.2,85.9,99.0,35.6,4.17
Bangladesh,2022,South Asia,Lower-middle,147.3,89.4,99.0,37.9,4.85
Bangladesh,2023,South Asia,Lower-middle,149.3,92.6,99.0,37.9,5.11
Tanzania,2000,Sub-Saharan Africa,Low,612.9,78.1,93.6,78.1,2.82
Tanzania,2001,Sub-Saharan Africa,Low,556.2,75.6,93.3,72.4,3.91
Tanzania,2002,Sub-Saharan Africa,Low,544.6,75.2,89.0,71.6,3.71
Tanzania,2003,Sub-Saharan Africa,Low,539.0,73.8,89.2,75.9,4.12
Tanzania,2004,Sub-Saharan Africa,Low,520.5,74.1,92.8,75.1,2.45
Tanzania,2005,Sub-Saharan Africa,Low,514.2,78.0,96.1,82.7,4.06
Tanzania,2006,Sub-Saharan Africa,Low,498.4,76.6,99.0,74.5,3.7
Tanzania,2007,Sub-Saharan Africa,Low,493.1,80.7,95.9,71.0,3.55
Tanzania,2008,Sub-Saharan Africa,Low,482.0,79.6,95.4,72.8,3.74
Tanzania,2009,Sub-Saharan Africa,Low,506.2,75.1,99.0,76.3,3.1
Tanzania,2010,Sub-Saharan Africa,Low,453.1,81.6,95.6,67.3,3.56
Tanzania,2011,Sub-Saharan Africa,Low,490.0,85.7,99.0,72.3,3.63
Tanzania,2012,Sub-Saharan Africa,Low,427.2,85.3,98.0,71.3,4.06
Tanzania,2013,Sub-Saharan Africa,Low,419.7,86.7,99.0,66.0,4.7
Tanzania,2014,Sub-Saharan Africa,Low,392.7,87.2,99.0,65.2,4.45
Tanzania,2015,Sub-Saharan Africa,Low,377.9,88.8,99.0,63.4,4.81
Tanzania,2016,Sub-Saharan Africa,Low,379.5,83.7,99.0,67.0,3.96
Tanzania,2017,Sub-Saharan Africa,Low,424.6,82.8,99.0,64.4,4.51
Tanzania,2018,Sub-Saharan Africa,Low,361.3,89.8,99.0,67.0,4.67
Tanzania,2019,Sub-Saharan Africa,Low,366.2,88.7,99.0,62.8,4.02
Tanzania,2020,Sub-Saharan Africa,Low,321.2,92.2,99.0,59.9,4.79
Tanzania,2021,Sub-Saharan Africa,Low,348.9,89.8,99.0,60.4,4.47
Tanzania,2022,Sub-Saharan Africa,Low,339.4,87.7,99.0,60.6,5.04
Tanzania,2023,Sub-Saharan Africa,Low,341.6,96.9,99.0,50.3,4.51
Kenya,2000,Sub-Saharan Africa,Lower-middle,423.1,62.7,26.8,19.3,7.53
Kenya,2001,Sub-Saharan Africa,Lower-middle,389.3,62.9,31.9,20.9,9.04
Kenya,2002,Sub-Saharan Africa,Lower-middle,412.2,66.6,28.1,27.2,7.83
Kenya,2003,Sub-Saharan Africa,Lower-middle,397.9,73.3,30.9,28.6,7.86
Kenya,2004,Sub-Saharan Africa,Lower-middle,387.3,72.1,30.5,31.0,8.5
Kenya,2005,Sub-Saharan Africa,Lower-middle,370.4,70.1,35.5,25.9,7.67
Kenya,2006,Sub-Saharan Africa,Lower-middle,359.6,68.7,33.8,25.6,8.44
Kenya,2007,Sub-Saharan Africa,Lower-middle,341.3,71.0,36.5,25.1,8.88
Kenya,2008,Sub-Saharan Africa,Lower-middle,369.7,72.0,35.8,15.9,8.7
Kenya,2009,Sub-Saharan Africa,Lower-middle,351.2,72.3,33.7,17.9,9.03
Kenya,2010,Sub-Saharan Africa,Lower-middle,339.0,74.1,37.9,22.0,9.06
Kenya,2011,Sub-Saharan Africa,Lower-middle,322.9,73.4,37.7,19.9,8.64
Kenya,2012,Sub-Saharan Africa,Lower-middle,327.3,72.8,42.9,17.7,8.77
Kenya,2013,Sub-Saharan Africa,Lower-middle,308.2,78.4,41.2,25.1,8.33
Kenya,2014,Sub-Saharan Africa,Lower-middle,312.0,77.8,41.9,25.0,8.79
Kenya,2015,Sub-Saharan Africa,Lower-middle,323.2,82.1,41.7,18.6,9.66
Kenya,2016,Sub-Saharan Africa,Lower-middle,318.0,75.8,42.5,19.0,8.62
Kenya,2017,Sub-Saharan Africa,Lower-middle,268.0,75.4,42.6,19.7,9.33
Kenya,2018,Sub-Saharan Africa,Lower-middle,301.4,76.2,48.0,18.6,9.29
Kenya,2019,Sub-Saharan Africa,Lower-middle,278.7,76.6,47.4,19.9,9.59
Kenya,2020,Sub-Saharan Africa,Lower-middle,264.2,86.4,45.8,16.8,9.22
Kenya,2021,Sub-Saharan Africa,Lower-middle,241.9,79.4,51.3,24.3,9.32
Kenya,2022,Sub-Saharan Africa,Lower-middle,229.3,83.0,48.0,20.8,9.71
Kenya,2023,Sub-Saharan Africa,Lower-middle,209.7,86.4,54.8,15.5,9.55
Uganda,2000,Sub-Saharan Africa,Low,523.4,90.7,91.5,92.7,7.92
Uganda,2001,Sub-Saharan Africa,Low,485.3,86.4,97.3,92.7,8.64
Uganda,2002,Sub-Saharan Africa,Low,490.2,90.2,99.0,91.5,8.44
Uganda,2003,Sub-Saharan Africa,Low,502.0,89.7,99.0,94.8,8.57
Uganda,2004,Sub-Saharan Africa,Low,483.0,91.6,97.8,93.3,9.22
Uganda,2005,Sub-Saharan Africa,Low,485.1,93.0,98.3,89.4,8.93
Uganda,2006,Sub-Saharan Africa,Low,476.1,88.3,98.6,87.4,8.96
Uganda,2007,Sub-Saharan Africa,Low,467.8,91.6,98.7,82.3,9.32
Uganda,2008,Sub-Saharan Africa,Low,445.1,97.3,98.8,87.5,9.2
Uganda,2009,Sub-Saharan Africa,Low,454.4,92.5,99.0,87.9,9.26
Uganda,2010,Sub-Saharan Africa,Low,403.3,94.0,99.0,80.2,9.31
Uganda,2011,Sub-Saharan Africa,Low,388.4,97.3,98.6,80.9,9.49
Uganda,2012,Sub-Saharan Africa,Low,424.9,94.9,99.0,89.4,8.84
Uganda,2013,Sub-Saharan Africa,Low,338.3,96.9,99.0,76.7,9.78
Uganda,2014,Sub-Saharan Africa,Low,378.4,95.2,99.0,83.1,9.83
Uganda,2015,Sub-Saharan Africa,Low,361.6,99.0,99.0,72.3,9.37
Uganda,2016,Sub-Saharan Africa,Low,353.0,98.8,99.0,78.7,9.23
Uganda,2017,Sub-Saharan Africa,Low,373.6,98.8,99.0,77.5,9.99
Uganda,2018,Sub-Saharan Africa,Low,346.0,99.0,99.0,80.2,9.96
Uganda,2019,Sub-Saharan Africa,Low,339.1,99.0,99.0,71.0,10.68
Uganda,2020,Sub-Saharan Africa,Low,314.1,97.7,99.0,69.9,10.38
Uganda,2021,Sub-Saharan Africa,Low,291.8,99.0,99.0,69.6,9.15
Uganda,2022,Sub-Saharan Africa,Low,263.0,99.0,99.0,71.9,9.81
Uganda,2023,Sub-Saharan Africa,Low,284.6,99.0,99.0,75.1,10.63
Mozambique,2000,Sub-Saharan Africa,Low,643.6,65.2,23.2,40.2,6.86
Mozambique,2001,Sub-Saharan Africa,Low,654.2,66.3,28.1,46.4,6.59
Mozambique,2002,Sub-Saharan Africa,Low,626.7,66.8,29.3,41.9,6.66
Mozambique,2003,Sub-Saharan Africa,Low,629.2,71.9,27.2,45.1,6.46
Mozambique,2004,Sub-Saharan Africa,Low,654.2,68.3,33.8,40.1,6.19
Mozambique,2005,Sub-Saharan Africa,Low,575.2,70.0,31.5,40.9,6.3
Mozambique,2006,Sub-Saharan Africa,Low,574.8,77.0,35.7,40.0,6.63
Mozambique,2007,Sub-Saharan Africa,Low,566.1,73.9,29.8,36.8,6.02
Mozambique,2008,Sub-Saharan Africa,Low,560.9,74.8,32.1,43.6,6.28
Mozambique,2009,Sub-Saharan Africa,Low,500.0,74.5,36.9,43.5,6.66
Mozambique,2010,Sub-Saharan Africa,Low,553.7,74.6,34.8,39.8,7.19
Mozambique,2011,Sub-Saharan Africa,Low,472.2,79.2,39.7,33.3,7.16
Mozambique,2012,Sub-Saharan Africa,Low,513.6,76.9,35.8,32.6,7.07
Mozambique,2013,Sub-Saharan Africa,Low,518.8,78.4,37.2,37.8,6.02
Mozambique,2014,Sub-Saharan Africa,Low,505.8,73.5,38.2,29.8,6.72
Mozambique,2015,Sub-Saharan Africa,Low,493.7,77.5,40.9,33.6,7.51
Mozambique,2016,Sub-Saharan Africa,Low,453.0,76.2,43.5,31.3,6.77
Mozambique,2017,Sub-Saharan Africa,Low,427.5,84.0,44.1,31.4,7.33
Mozambique,2018,Sub-Saharan Africa,Low,417.8,86.2,43.9,34.0,7.96
Mozambique,2019,Sub-Saharan Africa,Low,419.9,81.1,43.4,31.5,7.61
Mozambique,2020,Sub-Saharan Africa,Low,420.2,82.7,46.6,30.9,7.74
Mozambique,2021,Sub-Saharan Africa,Low,336.9,85.6,46.6,34.7,6.63
Mozambique,2022,Sub-Saharan Africa,Low,430.7,83.8,49.5,26.1,8.11
Mozambique,2023,Sub-Saharan Africa,Low,336.6,83.3,52.5,29.0,8.03
Mali,2000,Sub-Saharan Africa,Low,855.0,74.3,84.2,108.6,7.91
Mali,2001,Sub-Saharan Africa,Low,802.1,76.9,81.8,109.6,7.09
Mali,2002,Sub-Saharan Africa,Low,759.6,74.2,85.4,103.1,7.75
Mali,2003,Sub-Saharan Africa,Low,748.4,80.9,87.7,99.6,8.09
Mali,2004,Sub-Saharan Africa,Low,757.4,74.5,89.0,102.1,7.66
Mali,2005,Sub-Saharan Africa,Low,748.3,78.0,88.8,97.3,7.86
Mali,2006,Sub-Saharan Africa,Low,656.3,75.6,93.4,93.3,7.54
Mali,2007,Sub-Saharan Africa,Low,608.4,78.4,87.1,102.0,8.42
Mali,2008,Sub-Saharan Africa,Low,639.2,86.4,93.8,92.9,7.09
Mali,2009,Sub-Saharan Africa,Low,717.2,78.0,88.2,97.0,9.15
Mali,2010,Sub-Saharan Africa,Low,674.0,83.7,94.7,95.1,8.55
Mali,2011,Sub-Saharan Africa,Low,624.6,83.3,94.0,87.4,8.21
Mali,2012,Sub-Saharan Africa,Low,548.1,83.6,92.7,84.7,8.48
Mali,2013,Sub-Saharan Africa,Low,629.4,86.9,92.2,83.9,8.86
Mali,2014,Sub-Saharan Africa,Low,540.4,84.9,98.4,82.7,8.6
Mali,2015,Sub-Saharan Africa,Low,514.6,84.7,98.8,78.9,8.82
Mali,2016,Sub-Saharan Africa,Low,540.6,88.4,99.0,89.5,8.77
Mali,2017,Sub-Saharan Africa,Low,512.9,88.1,99.0,83.0,8.81
Mali,2018,Sub-Saharan Africa,Low,489.5,86.9,97.4,88.5,8.38
Mali,2019,Sub-Saharan Africa,Low,474.9,87.6,99.0,79.0,9.45
Mali,2020,Sub-Saharan Africa,Low,460.6,90.8,99.0,87.5,8.56
Mali,2021,Sub-Saharan Africa,Low,476.3,92.5,99.0,76.9,9.06
Mali,2022,Sub-Saharan Africa,Low,453.1,91.3,99.0,85.2,8.96
Mali,2023,Sub-Saharan Africa,Low,394.1,92.3,99.0,71.9,9.92
Chad,2000,Sub-Saharan Africa,Low,879.6,63.5,74.3,77.8,9.7
Chad,2001,Sub-Saharan Africa,Low,808.6,58.6,73.1,77.8,9.7
Chad,2002,Sub-Saharan Africa,Low,835.1,57.1,78.0,80.0,9.29
Chad,2003,Sub-Saharan Africa,Low,823.5,64.8,75.1,82.4,10.33
Chad,2004,Sub-Saharan Africa,Low,769.9,62.4,80.5,75.1,10.46
Chad,2005,Sub-Saharan Africa,Low,746.1,63.7,76.5,73.4,9.96
Chad,2006,Sub-Saharan Africa,Low,736.0,67.2,83.7,75.3,9.96
Chad,2007,Sub-Saharan Africa,Low,734.0,67.9,82.3,81.2,10.64
Chad,2008,Sub-Saharan Africa,Low,735.0,64.9,83.2,70.4,10.84
Chad,2009,Sub-Saharan Africa,Low,744.8,64.5,80.5,62.7,10.84
Chad,2010,Sub-Saharan Africa,Low,657.5,61.9,85.8,79.0,10.71
Chad,2011,Sub-Saharan Africa,Low,707.9,68.2,85.5,71.8,10.67
Chad,2012,Sub-Saharan Africa,Low,671.8,69.6,85.0,71.1,10.8
Chad,2013,Sub-Saharan Africa,Low,620.1,70.9,85.4,66.3,10.94
Chad,2014,Sub-Saharan Africa,Low,667.0,71.6,88.6,68.5,11.58
Chad,2015,Sub-Saharan Africa,Low,632.4,71.2,86.3,60.0,10.98
Chad,2016,Sub-Saharan Africa,Low,575.8,71.5,90.7,65.4,11.15
Chad,2017,Sub-Saharan Africa,Low,597.0,72.9,86.6,58.6,11.2
Chad,2018,Sub-Saharan Africa,Low,522.2,75.0,96.3,66.3,11.25
Chad,2019,Sub-Saharan Africa,Low,598.7,74.6,92.6,58.0,11.3
Chad,2020,Sub-Saharan Africa,Low,517.6,75.5,94.8,59.5,11.67
Chad,2021,Sub-Saharan Africa,Low,555.5,78.2,91.6,48.3,11.95
Chad,2022,Sub-Saharan Africa,Low,451.0,76.1,93.4,50.4,11.87
Chad,2023,Sub-Saharan Africa,Low,507.7,76.0,90.8,54.4,11.89
Somalia,2000,Sub-Saharan Africa,Low,899.4,67.0,40.4,5.3,4.41
Somalia,2001,Sub-Saharan Africa,Low,877.1,66.2,38.7,7.4,3.65
Somalia,2002,Sub-Saharan Africa,Low,859.3,71.4,38.5,2.6,4.67
Somalia,2003,Sub-Saharan Africa,Low,840.8,66.2,45.5,6.5,4.89
Somalia,2004,Sub-Saharan Africa,Low,855.5,67.4,49.3,6.4,4.54
Somalia,2005,Sub-Saharan Africa,Low,824.7,72.7,48.8,8.8,4.02
Somalia,2006,Sub-Saharan Africa,Low,813.3,68.5,50.8,9.1,4.25
Somalia,2007,Sub-Saharan Africa,Low,786.1,67.6,44.3,13.3,4.21
Somalia,2008,Sub-Saharan Africa,Low,724.6,73.1,50.7,11.2,4.95
Somalia,2009,Sub-Saharan Africa,Low,717.8,69.0,52.4,6.9,4.53
Somalia,2010,Sub-Saharan Africa,Low,775.6,74.7,50.8,16.8,4.45
Somalia,2011,Sub-Saharan Africa,Low,744.0,74.3,51.3,14.1,4.99
Somalia,2012,Sub-Saharan Africa,Low,712.8,77.6,50.6,4.5,4.45
Somalia,2013,Sub-Saharan Africa,Low,605.4,80.8,49.7,6.9,4.84
Somalia,2014,Sub-Saharan Africa,Low,670.0,78.5,55.6,5.3,4.96
Somalia,2015,Sub-Saharan Africa,Low,651.9,76.6,58.4,9.5,5.4
Somalia,2016,Sub-Saharan Africa,Low,648.4,81.0,55.8,2.2,5.34
Somalia,2017,Sub-Saharan Africa,Low,583.9,77.5,57.8,12.3,5.27
Somalia,2018,Sub-Saharan Africa,Low,601.2,83.9,57.9,17.6,5.56
Somalia,2019,Sub-Saharan Africa,Low,509.5,82.3,59.2,12.3,5.69
Somalia,2020,Sub-Saharan Africa,Low,550.7,78.1,58.7,3.6,5.26
Somalia,2021,Sub-Saharan Africa,Low,559.6,86.1,61.1,2.1,5.75
Somalia,2022,Sub-Saharan Africa,Low,564.3,81.2,60.8,6.8,5.34
Somalia,2023,Sub-Saharan Africa,Low,527.3,83.2,63.1,3.1,5.55
Niger,2000,Sub-Saharan Africa,Low,866.0,51.4,86.9,113.4,4.38
Niger,2001,Sub-Saharan Africa,Low,737.5,49.4,90.5,106.1,6.05
Niger,2002,Sub-Saharan Africa,Low,760.7,54.4,92.1,115.0,5.93
Niger,2003,Sub-Saharan Africa,Low,802.7,57.3,90.7,108.7,4.96
Niger,2004,Sub-Saharan Africa,Low,721.5,55.5,89.8,102.5,5.54
Niger,2005,Sub-Saharan Africa,Low,763.5,56.6,94.8,98.4,5.26
Niger,2006,Sub-Saharan Africa,Low,693.8,52.4,91.9,101.1,6.02
Niger,2007,Sub-Saharan Africa,Low,722.0,55.3,97.7,105.2,5.73
Niger,2008,Sub-Saharan Africa,Low,678.7,56.3,93.1,103.3,6.33
Niger,2009,Sub-Saharan Africa,Low,720.5,58.2,92.2,98.2,4.94
Niger,2010,Sub-Saharan Africa,Low,665.5,59.9,94.8,89.9,5.93
Niger,2011,Sub-Saharan Africa,Low,622.3,58.1,89.7,94.8,6.52
Niger,2012,Sub-Saharan Africa,Low,677.9,60.7,96.3,95.5,5.49
Niger,2013,Sub-Saharan Africa,Low,618.3,64.5,99.0,91.9,5.88
Niger,2014,Sub-Saharan Africa,Low,564.6,61.3,99.0,92.4,6.41
Niger,2015,Sub-Saharan Africa,Low,551.5,67.9,99.0,89.5,5.82
Niger,2016,Sub-Saharan Africa,Low,483.5,67.2,99.0,87.1,6.23
Niger,2017,Sub-Saharan Africa,Low,563.3,61.8,99.0,90.1,5.78
Niger,2018,Sub-Saharan Africa,Low,540.6,63.1,99.0,85.5,5.71
Niger,2019,Sub-Saharan Africa,Low,553.3,65.5,99.0,85.1,6.89
Niger,2020,Sub-Saharan Africa,Low,467.2,68.2,99.0,85.7,6.58
Niger,2021,Sub-Saharan Africa,Low,472.7,66.8,99.0,77.3,5.42
Niger,2022,Sub-Saharan Africa,Low,483.2,71.9,99.0,76.2,6.92
Niger,2023,Sub-Saharan Africa,Low,520.3,70.5,99.0,78.2,7.3
Sierra Leone,2000,Sub-Saharan Africa,Low,853.2,35.6,80.3,35.0,4.2
Sierra Leone,2001,Sub-Saharan Africa,Low,844.6,38.0,77.1,31.7,4.12
Sierra Leone,2002,Sub-Saharan Africa,Low,830.4,47.5,82.7,24.8,4.05
Sierra Leone,2003,Sub-Saharan Africa,Low,860.0,40.6,79.3,31.2,4.04
Sierra Leone,2004,Sub-Saharan Africa,Low,868.6,43.8,82.7,32.3,4.41
Sierra Leone,2005,Sub-Saharan Africa,Low,816.5,43.1,82.7,24.2,4.87
Sierra Leone,2006,Sub-Saharan Africa,Low,758.5,41.6,83.4,28.1,5.36
Sierra Leone,2007,Sub-Saharan Africa,Low,716.3,43.5,90.3,25.8,4.8
Sierra Leone,2008,Sub-Saharan Africa,Low,699.9,45.3,87.2,29.7,5.17
Sierra Leone,2009,Sub-Saharan Africa,Low,810.3,46.5,89.5,26.2,4.63
Sierra Leone,2010,Sub-Saharan Africa,Low,715.3,45.0,90.0,30.3,4.45
Sierra Leone,2011,Sub-Saharan Africa,Low,726.6,49.9,90.3,16.2,4.69
Sierra Leone,2012,Sub-Saharan Africa,Low,715.4,47.3,89.0,22.4,5.34
Sierra Leone,2013,Sub-Saharan Africa,Low,672.7,47.5,91.6,22.5,4.72
Sierra Leone,2014,Sub-Saharan Africa,Low,693.2,48.1,96.5,29.8,5.56
Sierra Leone,2015,Sub-Saharan Africa,Low,605.3,50.7,94.3,19.7,5.37
Sierra Leone,2016,Sub-Saharan Africa,Low,562.7,53.5,94.2,23.8,5.43
Sierra Leone,2017,Sub-Saharan Africa,Low,578.1,52.7,95.1,26.1,4.86
Sierra Leone,2018,Sub-Saharan Africa,Low,574.8,56.9,94.8,19.6,5.68
Sierra Leone,2019,Sub-Saharan Africa,Low,560.0,53.7,99.0,24.5,6.0
Sierra Leone,2020,Sub-Saharan Africa,Low,551.4,53.0,99.0,29.2,5.58
Sierra Leone,2021,Sub-Saharan Africa,Low,486.6,57.2,99.0,12.6,6.05
Sierra Leone,2022,Sub-Saharan Africa,Low,485.2,55.0,99.0,21.7,6.07
Sierra Leone,2023,Sub-Saharan Africa,Low,472.0,57.2,99.0,23.5,6.12
South Sudan,2000,Sub-Saharan Africa,Low,773.1,38.0,93.3,89.5,4.35
South Sudan,2001,Sub-Saharan Africa,Low,763.8,36.8,92.6,84.3,3.87
South Sudan,2002,Sub-Saharan Africa,Low,726.5,34.9,96.7,87.0,4.55
South Sudan,2003,Sub-Saharan Africa,Low,739.3,38.5,98.2,75.4,4.77
South Sudan,2004,Sub-Saharan Africa,Low,760.4,40.4,96.7,82.1,3.67
South Sudan,2005,Sub-Saharan Africa,Low,735.9,38.3,92.6,79.2,5.38
South Sudan,2006,Sub-Saharan Africa,Low,695.0,43.1,99.0,81.4,5.56
South Sudan,2007,Sub-Saharan Africa,Low,707.7,41.7,95.1,74.1,4.65
South Sudan,2008,Sub-Saharan Africa,Low,737.7,41.8,99.0,76.3,5.08
South Sudan,2009,Sub-Saharan Africa,Low,707.5,41.5,99.0,70.2,4.61
South Sudan,2010,Sub-Saharan Africa,Low,619.5,43.8,99.0,69.4,4.66
South Sudan,2011,Sub-Saharan Africa,Low,621.1,40.9,99.0,71.5,4.72
South Sudan,2012,Sub-Saharan Africa,Low,598.9,43.5,99.0,75.5,4.63
South Sudan,2013,Sub-Saharan Africa,Low,597.2,45.8,99.0,70.0,5.15
South Sudan,2014,Sub-Saharan Africa,Low,568.3,45.0,99.0,68.2,6.29
South Sudan,2015,Sub-Saharan Africa,Low,561.4,46.0,99.0,59.9,4.98
South Sudan,2016,Sub-Saharan Africa,Low,556.6,49.8,99.0,69.7,5.5
South Sudan,2017,Sub-Saharan Africa,Low,537.7,53.4,99.0,64.1,5.41
South Sudan,2018,Sub-Saharan Africa,Low,450.0,48.3,99.0,60.2,5.79
South Sudan,2019,Sub-Saharan Africa,Low,505.3,50.3,99.0,63.8,6.1
South Sudan,2020,Sub-Saharan Africa,Low,453.3,55.2,99.0,62.2,6.29
South Sudan,2021,Sub-Saharan Africa,Low,480.0,54.8,99.0,58.7,6.23
South Sudan,2022,Sub-Saharan Africa,Low,421.4,53.5,99.0,59.3,6.11
South Sudan,2023,Sub-Saharan Africa,Low,382.9,52.7,99.0,59.8,5.83
Indonesia,2000,Southeast Asia,Lower-middle,204.6,59.0,73.1,78.2,9.17
Indonesia,2001,Southeast Asia,Lower-middle,200.3,58.8,76.4,74.8,8.95
Indonesia,2002,Southeast Asia,Lower-middle,200.8,58.2,79.9,65.7,9.44
Indonesia,2003,Southeast Asia,Lower-middle,184.0,59.5,81.7,67.4,8.84
Indonesia,2004,Southeast Asia,Lower-middle,184.6,57.2,79.1,74.0,9.6
Indonesia,2005,Southeast Asia,Lower-middle,201.6,57.1,80.3,63.3,8.83
Indonesia,2006,Southeast Asia,Lower-middle,194.0,63.3,78.7,66.7,9.22
Indonesia,2007,Southeast Asia,Lower-middle,184.2,58.0,83.8,66.3,9.31
Indonesia,2008,Southeast Asia,Lower-middle,182.4,60.8,82.6,66.8,9.36
Indonesia,2009,Southeast Asia,Lower-middle,170.7,61.0,88.6,68.6,9.35
Indonesia,2010,Southeast Asia,Lower-middle,175.7,61.6,88.5,66.9,9.5
Indonesia,2011,Southeast Asia,Lower-middle,169.6,59.2,83.7,59.8,9.68
Indonesia,2012,Southeast Asia,Lower-middle,176.3,69.5,89.1,65.6,8.98
Indonesia,2013,Southeast Asia,Lower-middle,153.2,62.8,86.9,62.1,9.59
Indonesia,2014,Southeast Asia,Lower-middle,137.1,67.4,86.8,62.8,10.69
Indonesia,2015,Southeast Asia,Lower-middle,142.0,60.0,89.7,65.3,10.72
Indonesia,2016,Southeast Asia,Lower-middle,135.4,68.3,90.2,59.6,11.07
Indonesia,2017,Southeast Asia,Lower-middle,129.1,68.5,93.5,63.5,10.13
Indonesia,2018,Southeast Asia,Lower-middle,140.3,67.7,93.9,56.8,10.42
Indonesia,2019,Southeast Asia,Lower-middle,130.6,70.4,94.1,61.8,10.23
Indonesia,2020,Southeast Asia,Lower-middle,114.8,73.4,92.9,53.8,10.09
Indonesia,2021,Southeast Asia,Lower-middle,137.2,65.7,99.0,59.7,10.5
Indonesia,2022,Southeast Asia,Lower-middle,121.2,72.5,98.4,57.2,10.71
Indonesia,2023,Southeast Asia,Lower-middle,118.4,72.1,97.7,52.9,11.02
Philippines,2000,Southeast Asia,Lower-middle,184.3,75.9,89.2,15.1,9.06
Philippines,2001,Southeast Asia,Lower-middle,173.8,86.9,90.8,11.1,9.31
Philippines,2002,Southeast Asia,Lower-middle,166.1,81.4,87.9,17.5,9.61
Philippines,2003,Southeast Asia,Lower-middle,173.4,87.4,91.7,11.3,9.48
Philippines,2004,Southeast Asia,Lower-middle,172.0,88.3,94.3,16.5,9.52
Philippines,2005,Southeast Asia,Lower-middle,170.5,87.1,90.1,12.8,9.16
Philippines,2006,Southeast Asia,Lower-middle,154.5,87.6,91.3,12.1,8.78
Philippines,2007,Southeast Asia,Lower-middle,157.4,88.8,92.2,15.8,9.99
Philippines,2008,Southeast Asia,Lower-middle,140.9,87.6,93.2,9.2,10.03
Philippines,2009,Southeast Asia,Lower-middle,147.6,89.7,91.1,15.3,9.28
Philippines,2010,Southeast Asia,Lower-middle,146.0,91.8,99.0,7.4,8.64
Philippines,2011,Southeast Asia,Lower-middle,143.4,96.4,99.0,13.3,9.73
Philippines,2012,Southeast Asia,Lower-middle,144.5,90.2,99.0,14.3,10.43
Philippines,2013,Southeast Asia,Lower-middle,155.1,94.4,98.7,12.0,9.38
Philippines,2014,Southeast Asia,Lower-middle,126.8,93.2,99.0,12.5,9.83
Philippines,2015,Southeast Asia,Lower-middle,136.4,95.0,99.0,10.4,10.3
Philippines,2016,Southeast Asia,Lower-middle,130.8,93.6,99.0,10.4,9.78
Philippines,2017,Southeast Asia,Lower-middle,115.6,95.4,99.0,12.4,10.48
Philippines,2018,Southeast Asia,Lower-middle,124.1,97.0,99.0,10.8,10.58
Philippines,2019,Southeast Asia,Lower-middle,110.4,92.0,99.0,16.7,10.93
Philippines,2020,Southeast Asia,Lower-middle,118.1,99.0,99.0,11.7,10.39
Philippines,2021,Southeast Asia,Lower-middle,105.4,99.0,99.0,10.1,10.53
Philippines,2022,Southeast Asia,Lower-middle,104.2,99.0,99.0,2.0,10.57
Philippines,2023,Southeast Asia,Lower-middle,92.0,99.0,99.0,8.5,11.45
Brazil,2000,Latin America,Upper-middle,78.1,81.7,86.2,25.3,6.64
Brazil,2001,Latin America,Upper-middle,76.0,83.6,83.2,25.8,7.79
Brazil,2002,Latin America,Upper-middle,68.6,87.5,84.2,31.5,7.28
Brazil,2003,Latin America,Upper-middle,72.5,82.9,87.0,28.7,7.09
Brazil,2004,Latin America,Upper-middle,71.5,83.7,87.8,24.2,6.55
Brazil,2005,Latin America,Upper-middle,67.3,91.8,91.3,27.7,7.54
Brazil,2006,Latin America,Upper-middle,66.5,87.9,87.3,31.9,8.01
Brazil,2007,Latin America,Upper-middle,67.1,88.4,91.3,29.8,8.04
Brazil,2008,Latin America,Upper-middle,62.5,86.7,92.4,32.9,7.39
Brazil,2009,Latin America,Upper-middle,57.7,89.3,93.3,27.1,8.06
Brazil,2010,Latin America,Upper-middle,60.0,93.4,90.1,22.7,8.0
Brazil,2011,Latin America,Upper-middle,54.3,90.0,99.0,25.7,8.21
Brazil,2012,Latin America,Upper-middle,54.0,89.7,95.1,24.0,8.71
Brazil,2013,Latin America,Upper-middle,58.0,89.3,97.6,26.9,8.73
Brazil,2014,Latin America,Upper-middle,59.7,90.3,95.9,19.5,8.26
Brazil,2015,Latin America,Upper-middle,54.9,96.1,98.7,22.9,8.49
Brazil,2016,Latin America,Upper-middle,49.5,99.0,95.8,24.6,9.32
Brazil,2017,Latin America,Upper-middle,50.6,94.7,99.0,22.8,9.14
Brazil,2018,Latin America,Upper-middle,42.5,99.0,98.2,22.1,8.5
Brazil,2019,Latin America,Upper-middle,49.5,92.7,99.0,30.9,8.2
Brazil,2020,Latin America,Upper-middle,46.9,95.9,99.0,22.5,8.57
Brazil,2021,Latin America,Upper-middle,46.3,99.0,99.0,24.9,8.38
Brazil,2022,Latin America,Upper-middle,40.6,99.0,99.0,23.1,8.86
Brazil,2023,Latin America,Upper-middle,42.0,96.7,99.0,24.9,8.88
Mexico,2000,Latin America,Upper-middle,70.5,75.9,30.8,49.1,2.53
Mexico,2001,Latin America,Upper-middle,63.3,75.7,35.9,56.8,2.07
Mexico,2002,Latin America,Upper-middle,57.7,80.6,31.9,53.6,1.6
Mexico,2003,Latin America,Upper-middle,63.6,75.9,36.4,49.9,2.09
Mexico,2004,Latin America,Upper-middle,59.0,81.4,35.8,51.5,3.34
Mexico,2005,Latin America,Upper-middle,54.7,84.5,36.7,45.0,2.09
Mexico,2006,Latin America,Upper-middle,57.0,83.5,37.1,54.0,2.12
Mexico,2007,Latin America,Upper-middle,56.3,78.9,39.3,50.9,2.61
Mexico,2008,Latin America,Upper-middle,48.3,83.3,40.4,48.3,3.35
Mexico,2009,Latin America,Upper-middle,51.0,85.3,43.3,38.9,3.07
Mexico,2010,Latin America,Upper-middle,51.3,84.2,42.1,43.5,2.75
Mexico,2011,Latin America,Upper-middle,51.4,82.4,39.5,47.5,2.63
Mexico,2012,Latin America,Upper-middle,51.8,87.1,38.8,41.5,3.65
Mexico,2013,Latin America,Upper-middle,46.3,85.6,45.3,46.7,3.15
Mexico,2014,Latin America,Upper-middle,46.0,91.1,49.4,46.8,3.36
Mexico,2015,Latin America,Upper-middle,44.2,86.2,47.3,44.0,3.97
Mexico,2016,Latin America,Upper-middle,46.8,85.3,49.6,37.7,3.33
Mexico,2017,Latin America,Upper-middle,44.5,94.8,55.7,43.4,3.49
Mexico,2018,Latin America,Upper-middle,44.0,92.9,48.1,47.6,3.73
Mexico,2019,Latin America,Upper-middle,42.7,93.1,50.9,43.1,3.47
Mexico,2020,Latin America,Upper-middle,38.7,89.4,51.9,42.2,3.98
Mexico,2021,Latin America,Upper-middle,43.2,93.0,53.4,34.1,3.72
Mexico,2022,Latin America,Upper-middle,39.5,95.9,52.0,37.6,3.35
Mexico,2023,Latin America,Upper-middle,35.5,96.8,55.1,39.2,4.05
South Africa,2000,Sub-Saharan Africa,Upper-middle,147.9,36.6,55.0,85.7,8.71
South Africa,2001,Sub-Saharan Africa,Upper-middle,137.2,40.5,60.3,84.5,9.23
South Africa,2002,Sub-Saharan Africa,Upper-middle,143.4,36.1,65.3,80.3,8.91
South Africa,2003,Sub-Saharan Africa,Upper-middle,137.5,35.9,64.2,74.2,8.59
South Africa,2004,Sub-Saharan Africa,Upper-middle,125.1,43.9,62.6,83.5,9.0
South Africa,2005,Sub-Saharan Africa,Upper-middle,121.2,39.1,68.2,75.7,9.07
South Africa,2006,Sub-Saharan Africa,Upper-middle,129.3,43.9,68.9,81.1,9.23
South Africa,2007,Sub-Saharan Africa,Upper-middle,117.9,42.4,67.7,70.5,9.07
South Africa,2008,Sub-Saharan Africa,Upper-middle,124.8,44.1,68.1,70.3,9.44
South Africa,2009,Sub-Saharan Africa,Upper-middle,114.7,47.2,71.5,65.0,9.23
South Africa,2010,Sub-Saharan Africa,Upper-middle,108.6,44.1,69.7,65.6,9.31
South Africa,2011,Sub-Saharan Africa,Upper-middle,108.7,47.1,71.0,67.5,9.83
South Africa,2012,Sub-Saharan Africa,Upper-middle,108.5,46.7,76.0,74.8,9.32
South Africa,2013,Sub-Saharan Africa,Upper-middle,113.8,50.1,69.9,71.7,10.53
South Africa,2014,Sub-Saharan Africa,Upper-middle,99.7,46.6,76.3,68.5,10.22
South Africa,2015,Sub-Saharan Africa,Upper-middle,105.4,50.7,71.4,70.6,10.54
South Africa,2016,Sub-Saharan Africa,Upper-middle,99.3,50.4,71.8,67.5,10.38
South Africa,2017,Sub-Saharan Africa,Upper-middle,97.5,54.1,75.8,66.7,9.82
South Africa,2018,Sub-Saharan Africa,Upper-middle,94.9,51.6,78.1,62.0,10.26
South Africa,2019,Sub-Saharan Africa,Upper-middle,97.1,51.7,74.5,69.5,10.94
South Africa,2020,Sub-Saharan Africa,Upper-middle,82.0,55.3,78.2,62.5,10.58
South Africa,2021,Sub-Saharan Africa,Upper-middle,85.4,52.4,78.7,56.8,10.21
South Africa,2022,Sub-Saharan Africa,Upper-middle,83.6,53.4,83.1,65.5,10.39
South Africa,2023,Sub-Saharan Africa,Upper-middle,82.6,57.2,83.5,58.8,11.0
Ghana,2000,Sub-Saharan Africa,Lower-middle,300.5,46.5,69.9,82.9,8.33
Ghana,2001,Sub-Saharan Africa,Lower-middle,333.4,45.2,65.7,84.0,8.27
Ghana,2002,Sub-Saharan Africa,Lower-middle,295.3,51.6,66.7,84.5,7.82
Ghana,2003,Sub-Saharan Africa,Lower-middle,313.5,53.7,69.1,78.5,8.48
Ghana,2004,Sub-Saharan Africa,Lower-middle,281.5,49.4,72.1,72.0,8.21
Ghana,2005,Sub-Saharan Africa,Lower-middle,271.8,49.1,76.6,73.6,8.62
Ghana,2006,Sub-Saharan Africa,Lower-middle,271.0,50.4,75.9,79.0,8.6
Ghana,2007,Sub-Saharan Africa,Lower-middle,280.5,51.1,73.3,72.3,8.12
Ghana,2008,Sub-Saharan Africa,Lower-middle,299.1,55.8,72.4,70.3,8.72
Ghana,2009,Sub-Saharan Africa,Lower-middle,263.4,54.8,76.1,74.1,8.74
Ghana,2010,Sub-Saharan Africa,Lower-middle,251.8,48.7,77.2,70.2,8.76
Ghana,2011,Sub-Saharan Africa,Lower-middle,281.8,55.9,77.9,76.2,8.96
Ghana,2012,Sub-Saharan Africa,Lower-middle,244.0,57.3,84.8,67.0,9.03
Ghana,2013,Sub-Saharan Africa,Lower-middle,221.4,58.0,78.3,68.8,8.8
Ghana,2014,Sub-Saharan Africa,Lower-middle,239.1,59.7,78.5,69.7,8.72
Ghana,2015,Sub-Saharan Africa,Lower-middle,205.4,57.6,81.8,78.2,9.25
Ghana,2016,Sub-Saharan Africa,Lower-middle,198.0,57.5,86.0,75.8,8.52
Ghana,2017,Sub-Saharan Africa,Lower-middle,185.9,64.4,85.4,63.0,9.45
Ghana,2018,Sub-Saharan Africa,Lower-middle,170.6,60.5,86.2,69.1,8.91
Ghana,2019,Sub-Saharan Africa,Lower-middle,198.4,59.0,87.0,60.8,9.23
Ghana,2020,Sub-Saharan Africa,Lower-middle,179.0,63.7,89.5,62.4,9.48
Ghana,2021,Sub-Saharan Africa,Lower-middle,167.5,62.1,88.1,72.8,9.1
Ghana,2022,Sub-Saharan Africa,Lower-middle,197.7,66.1,89.9,68.4,9.77
Ghana,2023,Sub-Saharan Africa,Lower-middle,178.4,64.3,93.2,64.7,9.45
Cameroon,2000,Sub-Saharan Africa,Lower-middle,571.1,60.6,40.9,93.4,9.04
Cameroon,2001,Sub-Saharan Africa,Lower-middle,580.1,63.6,33.2,91.6,9.22
Cameroon,2002,Sub-Saharan Africa,Lower-middle,595.7,61.1,35.1,95.4,8.96
Cameroon,2003,Sub-Saharan Africa,Lower-middle,528.1,61.5,40.2,89.3,8.41
Cameroon,2004,Sub-Saharan Africa,Lower-middle,566.0,67.0,43.3,86.0,9.29
Cameroon,2005,Sub-Saharan Africa,Lower-middle,533.4,66.1,44.3,86.5,9.48
Cameroon,2006,Sub-Saharan Africa,Lower-middle,533.1,69.1,45.3,91.4,9.56
Cameroon,2007,Sub-Saharan Africa,Lower-middle,544.3,67.2,42.4,92.7,9.89
Cameroon,2008,Sub-Saharan Africa,Lower-middle,489.2,65.8,46.2,87.8,9.77
Cameroon,2009,Sub-Saharan Africa,Lower-middle,495.8,72.0,49.1,85.5,10.14
Cameroon,2010,Sub-Saharan Africa,Lower-middle,452.8,69.5,51.9,82.7,9.5
Cameroon,2011,Sub-Saharan Africa,Lower-middle,450.5,66.6,46.4,81.0,9.36
Cameroon,2012,Sub-Saharan Africa,Lower-middle,454.9,72.4,47.0,87.4,10.2
Cameroon,2013,Sub-Saharan Africa,Lower-middle,467.6,69.3,52.4,75.8,10.43
Cameroon,2014,Sub-Saharan Africa,Lower-middle,436.0,73.1,48.3,75.4,10.4
Cameroon,2015,Sub-Saharan Africa,Lower-middle,398.3,73.6,48.8,81.2,9.74
Cameroon,2016,Sub-Saharan Africa,Lower-middle,422.4,74.8,51.4,79.0,10.42
Cameroon,2017,Sub-Saharan Africa,Lower-middle,385.4,71.5,49.2,76.9,9.76
Cameroon,2018,Sub-Saharan Africa,Lower-middle,389.1,74.2,56.8,73.1,10.34
Cameroon,2019,Sub-Saharan Africa,Lower-middle,392.8,76.4,56.8,75.1,9.93
Cameroon,2020,Sub-Saharan Africa,Lower-middle,382.1,77.9,54.4,71.1,10.61
Cameroon,2021,Sub-Saharan Africa,Lower-middle,349.8,78.0,61.5,75.2,10.18
Cameroon,2022,Sub-Saharan Africa,Lower-middle,356.4,81.3,59.9,74.1,11.59
Cameroon,2023,Sub-Saharan Africa,Lower-middle,354.6,79.3,62.5,69.1,10.87
Zambia,2000,Sub-Saharan Africa,Lower-middle,489.6,74.6,56.9,71.8,5.36
Zambia,2001,Sub-Saharan Africa,Lower-middle,487.8,77.4,57.2,87.0,4.99
Zambia,2002,Sub-Saharan Africa,Lower-middle,441.3,83.4,62.8,78.2,5.67
Zambia,2003,Sub-Saharan Africa,Lower-middle,478.2,78.6,57.6,82.2,6.02
Zambia,2004,Sub-Saharan Africa,Lower-middle,454.1,79.1,64.8,74.1,5.29
Zambia,2005,Sub-Saharan Africa,Lower-middle,440.7,85.9,62.9,76.9,5.69
Zambia,2006,Sub-Saharan Africa,Lower-middle,425.7,84.2,55.4,73.1,5.68
Zambia,2007,Sub-Saharan Africa,Lower-middle,393.6,84.6,62.1,80.3,6.29
Zambia,2008,Sub-Saharan Africa,Lower-middle,397.6,84.0,63.4,70.5,5.82
Zambia,2009,Sub-Saharan Africa,Lower-middle,382.8,82.4,66.1,73.9,5.5
Zambia,2010,Sub-Saharan Africa,Lower-middle,405.4,84.4,66.2,73.7,5.88
Zambia,2011,Sub-Saharan Africa,Lower-middle,387.7,85.5,66.0,68.6,5.68
Zambia,2012,Sub-Saharan Africa,Lower-middle,366.4,83.7,66.2,67.3,5.95
Zambia,2013,Sub-Saharan Africa,Lower-middle,356.0,88.2,69.6,71.0,5.87
Zambia,2014,Sub-Saharan Africa,Lower-middle,328.3,86.5,68.1,65.1,5.9
Zambia,2015,Sub-Saharan Africa,Lower-middle,317.4,88.7,70.8,67.9,6.06
Zambia,2016,Sub-Saharan Africa,Lower-middle,325.1,88.3,71.2,61.1,6.6
Zambia,2017,Sub-Saharan Africa,Lower-middle,289.6,90.5,73.0,64.3,7.52
Zambia,2018,Sub-Saharan Africa,Lower-middle,321.4,89.7,72.9,55.5,6.49
Zambia,2019,Sub-Saharan Africa,Lower-middle,289.5,95.3,72.8,61.1,6.35
Zambia,2020,Sub-Saharan Africa,Lower-middle,329.7,93.0,79.7,63.9,6.87
Zambia,2021,Sub-Saharan Africa,Lower-middle,294.2,95.6,71.2,58.5,7.1
Zambia,2022,Sub-Saharan Africa,Lower-middle,277.0,91.8,76.9,65.5,7.33
Zambia,2023,Sub-Saharan Africa,Lower-middle,267.6,98.5,77.0,50.9,6.54
Zimbabwe,2000,Sub-Saharan Africa,Lower-middle,441.2,64.9,83.9,20.2,3.69
Zimbabwe,2001,Sub-Saharan Africa,Lower-middle,377.3,65.4,76.4,21.5,3.21
Zimbabwe,2002,Sub-Saharan Africa,Lower-middle,384.7,60.3,78.8,18.2,3.51
Zimbabwe,2003,Sub-Saharan Africa,Lower-middle,400.1,60.5,81.8,25.0,3.6
Zimbabwe,2004,Sub-Saharan Africa,Lower-middle,366.9,63.4,85.1,20.6,3.67
Zimbabwe,2005,Sub-Saharan Africa,Lower-middle,378.7,62.0,84.9,21.2,3.84
Zimbabwe,2006,Sub-Saharan Africa,Lower-middle,349.2,63.4,85.4,24.2,3.79
Zimbabwe,2007,Sub-Saharan Africa,Lower-middle,362.6,61.1,83.6,19.0,3.76
Zimbabwe,2008,Sub-Saharan Africa,Lower-middle,331.9,65.5,86.8,18.1,3.3
Zimbabwe,2009,Sub-Saharan Africa,Lower-middle,304.6,66.4,88.1,7.6,4.08
Zimbabwe,2010,Sub-Saharan Africa,Lower-middle,322.9,72.2,87.0,19.8,4.41
Zimbabwe,2011,Sub-Saharan Africa,Lower-middle,288.8,71.4,89.4,20.1,6.0
Zimbabwe,2012,Sub-Saharan Africa,Lower-middle,281.7,74.6,89.1,19.0,4.49
Zimbabwe,2013,Sub-Saharan Africa,Lower-middle,301.1,69.6,91.6,11.5,4.89
Zimbabwe,2014,Sub-Saharan Africa,Lower-middle,293.4,69.0,90.6,22.3,4.45
Zimbabwe,2015,Sub-Saharan Africa,Lower-middle,298.2,70.8,94.6,19.8,5.48
Zimbabwe,2016,Sub-Saharan Africa,Lower-middle,281.6,75.1,93.9,22.0,4.54
Zimbabwe,2017,Sub-Saharan Africa,Lower-middle,288.9,73.7,94.5,16.9,5.0
Zimbabwe,2018,Sub-Saharan Africa,Lower-middle,266.9,75.5,99.0,20.2,5.33
Zimbabwe,2019,Sub-Saharan Africa,Lower-middle,253.5,73.5,98.9,19.5,5.65
Zimbabwe,2020,Sub-Saharan Africa,Lower-middle,243.2,76.0,93.4,14.2,5.54
Zimbabwe,2021,Sub-Saharan Africa,Lower-middle,237.6,78.9,98.0,16.8,4.76
Zimbabwe,2022,Sub-Saharan Africa,Lower-middle,238.8,70.6,98.9,8.7,5.78
Zimbabwe,2023,Sub-Saharan Africa,Lower-middle,242.3,80.0,99.0,11.2,6.07
Nepal,2000,South Asia,Low,386.8,55.2,84.9,96.9,9.06
Nepal,2001,South Asia,Low,347.3,61.8,87.2,99.5,9.12
Nepal,2002,South Asia,Low,328.9,60.2,84.1,96.7,8.88
Nepal,2003,South Asia,Low,378.2,62.6,90.1,100.8,9.17
Nepal,2004,South Asia,Low,349.7,61.6,91.4,99.6,9.88
Nepal,2005,South Asia,Low,338.9,57.7,89.3,92.8,9.7
Nepal,2006,South Asia,Low,310.8,68.7,96.5,94.5,9.77
Nepal,2007,South Asia,Low,317.3,61.0,93.8,91.9,9.32
Nepal,2008,South Asia,Low,318.3,63.8,89.8,86.2,9.73
Nepal,2009,South Asia,Low,334.2,66.4,92.2,90.4,9.36
Nepal,2010,South Asia,Low,315.2,64.6,96.3,92.6,9.54
Nepal,2011,South Asia,Low,271.5,65.1,99.0,80.0,9.0
Nepal,2012,South Asia,Low,278.4,68.7,99.0,83.0,10.05
Nepal,2013,South Asia,Low,295.1,63.4,98.4,84.4,10.47
Nepal,2014,South Asia,Low,263.4,69.0,94.1,79.8,10.55
Nepal,2015,South Asia,Low,249.3,69.8,99.0,79.8,10.52
Nepal,2016,South Asia,Low,242.5,69.9,99.0,80.6,10.29
Nepal,2017,South Asia,Low,253.0,73.0,98.1,83.4,10.47
Nepal,2018,South Asia,Low,248.9,75.0,99.0,74.7,10.57
Nepal,2019,South Asia,Low,223.9,77.1,99.0,74.1,10.84
Nepal,2020,South Asia,Low,210.6,72.6,99.0,73.8,10.8
Nepal,2021,South Asia,Low,213.5,70.6,99.0,81.0,10.92
Nepal,2022,South Asia,Low,217.6,76.9,99.0,79.5,11.08
Nepal,2023,South Asia,Low,231.4,74.1,99.0,74.6,11.29
Myanmar,2000,Southeast Asia,Lower-middle,239.5,40.6,82.8,64.4,8.73
Myanmar,2001,Southeast Asia,Lower-middle,267.7,39.3,84.6,55.1,9.14
Myanmar,2002,Southeast Asia,Lower-middle,249.1,46.0,83.1,66.7,9.33
Myanmar,2003,Southeast Asia,Lower-middle,251.1,45.4,87.6,58.0,9.33
Myanmar,2004,Southeast Asia,Lower-middle,257.3,49.2,85.3,61.5,8.55
Myanmar,2005,Southeast Asia,Lower-middle,241.1,48.4,83.4,54.6,9.04
Myanmar,2006,Southeast Asia,Lower-middle,227.0,45.0,90.0,59.5,9.15
Myanmar,2007,Southeast Asia,Lower-middle,217.3,51.4,94.1,55.8,9.06
Myanmar,2008,Southeast Asia,Lower-middle,225.3,48.7,90.6,59.9,8.62
Myanmar,2009,Southeast Asia,Lower-middle,228.9,50.6,90.9,55.8,9.45
Myanmar,2010,Southeast Asia,Lower-middle,192.3,54.9,93.0,57.2,9.92
Myanmar,2011,Southeast Asia,Lower-middle,194.7,53.1,93.2,58.0,8.77
Myanmar,2012,Southeast Asia,Lower-middle,199.3,51.2,95.9,55.8,9.41
Myanmar,2013,Southeast Asia,Lower-middle,187.9,53.2,93.5,56.5,9.63
Myanmar,2014,Southeast Asia,Lower-middle,160.1,53.4,94.1,45.8,9.36
Myanmar,2015,Southeast Asia,Lower-middle,186.5,58.4,98.4,49.2,10.11
Myanmar,2016,Southeast Asia,Lower-middle,175.6,54.1,95.7,43.8,9.85
Myanmar,2017,Southeast Asia,Lower-middle,177.1,56.4,98.5,46.3,10.33
Myanmar,2018,Southeast Asia,Lower-middle,156.8,59.4,98.0,46.3,9.58
Myanmar,2019,Southeast Asia,Lower-middle,160.3,60.7,99.0,52.4,10.45
Myanmar,2020,Southeast Asia,Lower-middle,149.0,58.2,99.0,53.1,9.84
Myanmar,2021,Southeast Asia,Lower-middle,164.8,62.0,99.0,45.3,10.69
Myanmar,2022,Southeast Asia,Lower-middle,174.3,59.0,99.0,38.7,10.76
Myanmar,2023,Southeast Asia,Lower-middle,126.0,60.4,99.0,46.2,10.73
Afghanistan,2000,South Asia,Low,721.4,80.2,62.0,90.8,2.49
Afghanistan,2001,South Asia,Low,749.2,85.7,61.9,93.1,2.82
Afghanistan,2002,South Asia,Low,743.4,87.9,61.7,83.3,1.99
Afghanistan,2003,South Asia,Low,728.6,81.6,68.7,89.8,2.64
Afghanistan,2004,South Asia,Low,701.1,82.6,65.6,88.2,2.75
Afghanistan,2005,South Asia,Low,677.1,84.8,63.7,77.9,3.29
Afghanistan,2006,South Asia,Low,625.5,87.1,72.2,76.1,2.67
Afghanistan,2007,South Asia,Low,677.7,87.4,77.8,73.4,3.1
Afghanistan,2008,South Asia,Low,630.0,90.1,72.7,76.1,2.85
Afghanistan,2009,South Asia,Low,565.1,90.5,73.3,80.5,3.26
Afghanistan,2010,South Asia,Low,617.6,90.1,71.3,74.0,3.39
Afghanistan,2011,South Asia,Low,635.3,89.9,74.6,72.2,3.46
Afghanistan,2012,South Asia,Low,597.8,96.2,73.2,73.2,3.16
Afghanistan,2013,South Asia,Low,582.9,91.6,74.2,77.2,3.44
Afghanistan,2014,South Asia,Low,521.6,96.3,80.3,73.1,3.26
Afghanistan,2015,South Asia,Low,551.4,91.5,78.4,62.9,3.65
Afghanistan,2016,South Asia,Low,473.6,98.2,78.4,69.6,3.13
Afghanistan,2017,South Asia,Low,497.4,98.8,74.0,74.5,3.6
Afghanistan,2018,South Asia,Low,455.5,93.3,85.3,64.6,3.08
Afghanistan,2019,South Asia,Low,511.5,97.6,79.8,68.1,3.21
Afghanistan,2020,South Asia,Low,496.1,99.0,84.4,67.7,4.4
Afghanistan,2021,South Asia,Low,448.7,95.4,85.1,73.5,3.37
Afghanistan,2022,South Asia,Low,423.5,99.0,84.8,60.1,4.3
Afghanistan,2023,South Asia,Low,489.6,99.0,83.7,56.8,4.03
Yemen,2000,MENA,Low,516.4,73.4,84.7,6.1,6.62
Yemen,2001,MENA,Low,542.1,75.6,80.0,6.6,6.0
Yemen,2002,MENA,Low,530.2,77.4,86.1,11.0,5.73
Yemen,2003,MENA,Low,535.6,71.3,89.3,10.7,6.86
Yemen,2004,MENA,Low,513.3,74.1,84.9,10.3,6.47
Yemen,2005,MENA,Low,490.0,73.8,86.8,11.8,5.52
Yemen,2006,MENA,Low,487.9,73.6,85.3,4.6,5.74
Yemen,2007,MENA,Low,438.4,75.1,94.0,9.1,6.6
Yemen,2008,MENA,Low,466.0,77.9,89.9,6.3,7.19
Yemen,2009,MENA,Low,486.1,74.2,88.5,9.8,6.3
Yemen,2010,MENA,Low,447.6,77.4,97.4,15.5,6.85
Yemen,2011,MENA,Low,448.5,82.7,91.5,7.3,6.88
Yemen,2012,MENA,Low,434.6,81.1,89.9,7.2,6.89
Yemen,2013,MENA,Low,404.1,86.5,91.4,12.3,7.6
Yemen,2014,MENA,Low,444.4,81.3,97.0,12.4,7.16
Yemen,2015,MENA,Low,382.9,84.2,90.4,12.7,7.21
Yemen,2016,MENA,Low,369.9,89.0,96.0,8.2,8.03
Yemen,2017,MENA,Low,346.4,83.3,98.3,13.1,7.4
Yemen,2018,MENA,Low,326.1,84.1,98.1,9.2,7.56
Yemen,2019,MENA,Low,352.8,81.8,99.0,10.4,8.03
Yemen,2020,MENA,Low,343.0,89.8,99.0,14.6,7.76
Yemen,2021,MENA,Low,320.9,93.5,99.0,11.4,7.12
Yemen,2022,MENA,Low,284.9,89.3,99.0,6.5,7.76
Yemen,2023,MENA,Low,336.7,91.1,99.0,8.4,7.46
Haiti,2000,Latin America,Low,393.0,42.9,30.6,36.8,5.53
Haiti,2001,Latin America,Low,381.5,45.1,35.9,35.1,5.93
Haiti,2002,Latin America,Low,382.4,48.4,40.3,22.6,5.09
Haiti,2003,Latin America,Low,374.4,45.5,40.2,27.2,5.3
Haiti,2004,Latin America,Low,365.6,44.8,39.9,22.1,5.8
Haiti,2005,Latin America,Low,323.9,51.1,46.2,25.7,4.44
Haiti,2006,Latin America,Low,344.0,48.8,41.1,24.5,6.18
Haiti,2007,Latin America,Low,352.6,47.5,40.6,24.9,5.56
Haiti,2008,Latin America,Low,342.4,49.2,46.8,33.6,6.05
Haiti,2009,Latin America,Low,326.2,50.9,45.6,30.2,5.55
Haiti,2010,Latin America,Low,320.1,52.3,46.2,19.7,6.01
Haiti,2011,Latin America,Low,310.9,54.2,47.1,29.7,5.6
Haiti,2012,Latin America,Low,331.4,49.3,50.5,26.4,5.71
Haiti,2013,Latin America,Low,303.5,57.7,44.8,26.1,5.11
Haiti,2014,Latin America,Low,274.0,59.3,49.8,19.1,6.11
Haiti,2015,Latin America,Low,314.3,51.5,49.6,29.4,7.01
Haiti,2016,Latin America,Low,272.5,53.7,58.5,29.4,6.62
Haiti,2017,Latin America,Low,253.7,57.5,53.8,24.0,7.0
Haiti,2018,Latin America,Low,272.9,55.7,58.6,23.6,6.78
Haiti,2019,Latin America,Low,274.6,56.4,56.0,19.9,5.95
Haiti,2020,Latin America,Low,249.3,66.2,52.4,21.5,6.92
Haiti,2021,Latin America,Low,238.3,60.5,54.8,22.2,6.43
Haiti,2022,Latin America,Low,194.2,64.5,61.4,21.2,6.91
Haiti,2023,Latin America,Low,238.2,62.9,62.2,19.4,7.42
Guatemala,2000,Latin America,Upper-middle,116.0,76.1,86.9,62.1,4.3
Guatemala,2001,Latin America,Upper-middle,124.1,83.3,86.8,65.8,3.01
Guatemala,2002,Latin America,Upper-middle,112.1,77.0,93.9,63.2,4.03
Guatemala,2003,Latin America,Upper-middle,116.0,85.8,88.1,69.0,4.14
Guatemala,2004,Latin America,Upper-middle,106.1,83.4,93.6,62.2,3.43
Guatemala,2005,Latin America,Upper-middle,105.1,86.8,93.7,65.4,3.52
Guatemala,2006,Latin America,Upper-middle,102.5,85.1,91.3,59.8,3.93
Guatemala,2007,Latin America,Upper-middle,104.5,82.8,96.6,63.5,4.29
Guatemala,2008,Latin America,Upper-middle,96.9,83.3,99.0,63.5,3.52
Guatemala,2009,Latin America,Upper-middle,101.0,79.8,97.6,66.7,3.77
Guatemala,2010,Latin America,Upper-middle,93.0,87.5,94.6,55.7,4.47
Guatemala,2011,Latin America,Upper-middle,91.7,85.8,99.0,59.2,4.41
Guatemala,2012,Latin America,Upper-middle,90.8,88.1,99.0,58.5,4.19
Guatemala,2013,Latin America,Upper-middle,89.3,85.4,99.0,52.6,4.02
Guatemala,2014,Latin America,Upper-middle,89.1,89.2,99.0,53.3,4.71
Guatemala,2015,Latin America,Upper-middle,88.2,90.6,99.0,54.8,4.77
Guatemala,2016,Latin America,Upper-middle,83.3,85.0,99.0,62.3,4.55
Guatemala,2017,Latin America,Upper-middle,77.5,92.0,99.0,57.4,4.27
Guatemala,2018,Latin America,Upper-middle,82.2,93.3,99.0,53.2,5.27
Guatemala,2019,Latin America,Upper-middle,80.6,89.8,99.0,50.7,4.96
Guatemala,2020,Latin America,Upper-middle,74.4,93.0,99.0,49.9,4.56
Guatemala,2021,Latin America,Upper-middle,69.9,94.6,99.0,51.8,4.75
Guatemala,2022,Latin America,Upper-middle,81.4,95.6,99.0,48.0,5.38
Guatemala,2023,Latin America,Upper-middle,71.2,98.8,99.0,51.3,5.12
Bolivia,2000,Latin America,Lower-middle,192.9,80.0,30.6,46.2,9.03
Bolivia,2001,Latin America,Lower-middle,183.7,75.8,37.2,50.7,9.19
Bolivia,2002,Latin America,Lower-middle,167.3,74.6,35.5,39.9,9.65
Bolivia,2003,Latin America,Lower-middle,173.2,86.8,41.5,47.1,9.28
Bolivia,2004,Latin America,Lower-middle,178.2,83.7,32.6,40.0,9.16
Bolivia,2005,Latin America,Lower-middle,171.6,81.5,40.3,41.8,8.56
Bolivia,2006,Latin America,Lower-middle,170.1,79.0,33.6,46.6,9.88
Bolivia,2007,Latin America,Lower-middle,159.3,80.7,39.2,43.9,9.1
Bolivia,2008,Latin America,Lower-middle,151.4,83.9,41.3,45.4,9.32
Bolivia,2009,Latin America,Lower-middle,151.8,77.9,41.9,49.9,9.21
Bolivia,2010,Latin America,Lower-middle,145.3,85.0,45.6,41.8,9.6
Bolivia,2011,Latin America,Lower-middle,131.5,85.2,48.5,44.1,9.94
Bolivia,2012,Latin America,Lower-middle,144.9,85.7,42.3,45.6,10.12
Bolivia,2013,Latin America,Lower-middle,139.1,84.1,48.6,44.4,9.89
Bolivia,2014,Latin America,Lower-middle,142.9,86.1,44.3,38.1,9.48
Bolivia,2015,Latin America,Lower-middle,135.4,83.5,44.2,32.2,10.23
Bolivia,2016,Latin America,Lower-middle,127.3,88.1,45.6,35.2,10.53
Bolivia,2017,Latin America,Lower-middle,120.8,90.4,46.9,40.1,10.94
Bolivia,2018,Latin America,Lower-middle,125.6,89.4,50.7,37.8,10.5
Bolivia,2019,Latin America,Lower-middle,115.3,90.8,51.6,34.1,10.17
Bolivia,2020,Latin America,Lower-middle,103.9,88.0,49.0,38.2,10.3
Bolivia,2021,Latin America,Lower-middle,114.5,92.9,48.0,39.5,11.06
Bolivia,2022,Latin America,Lower-middle,99.8,94.6,51.8,36.7,10.31
Bolivia,2023,Latin America,Lower-middle,90.3,93.4,54.6,34.1,10.42
Peru,2000,Latin America,Upper-middle,129.8,89.5,33.2,90.6,2.4
Peru,2001,Latin America,Upper-middle,130.0,92.8,37.0,84.0,2.74
Peru,2002,Latin America,Upper-middle,130.4,87.0,34.4,82.2,3.52
Peru,2003,Latin America,Upper-middle,124.5,89.0,37.0,80.3,2.82
Peru,2004,Latin America,Upper-middle,125.1,88.7,42.7,85.0,3.62
Peru,2005,Latin America,Upper-middle,115.2,92.6,36.1,78.6,3.46
Peru,2006,Latin America,Upper-middle,121.8,91.0,39.7,79.0,2.78
Peru,2007,Latin America,Upper-middle,115.7,92.7,41.1,76.8,3.1
Peru,2008,Latin America,Upper-middle,110.1,94.7,41.6,74.6,3.62
Peru,2009,Latin America,Upper-middle,116.2,96.4,46.0,70.9,3.64
Peru,2010,Latin America,Upper-middle,99.4,93.2,42.6,80.2,4.03
Peru,2011,Latin America,Upper-middle,103.9,93.8,44.9,75.6,3.8
Peru,2012,Latin America,Upper-middle,90.6,96.2,46.2,75.5,2.93
Peru,2013,Latin America,Upper-middle,96.8,99.0,49.4,75.1,4.12
Peru,2014,Latin America,Upper-middle,91.0,95.2,47.3,75.2,4.52
Peru,2015,Latin America,Upper-middle,96.4,99.0,50.2,68.0,3.99
Peru,2016,Latin America,Upper-middle,98.9,99.0,54.2,67.9,4.65
Peru,2017,Latin America,Upper-middle,80.4,99.0,49.3,62.4,4.29
Peru,2018,Latin America,Upper-middle,90.5,99.0,48.4,66.7,4.24
Peru,2019,Latin America,Upper-middle,85.6,99.0,52.9,73.4,4.45
Peru,2020,Latin America,Upper-middle,78.5,99.0,53.4,63.6,4.82
Peru,2021,Latin America,Upper-middle,80.2,99.0,55.4,66.6,5.12
Peru,2022,Latin America,Upper-middle,79.9,99.0,56.1,64.4,5.09
Peru,2023,Latin America,Upper-middle,65.9,99.0,55.0,63.3,5.16
China,2000,East Asia,Upper-middle,56.2,58.5,57.4,90.0,4.93
China,2001,East Asia,Upper-middle,52.1,63.7,60.5,91.7,4.55
China,2002,East Asia,Upper-middle,52.7,58.4,62.8,93.6,4.58
China,2003,East Asia,Upper-middle,56.0,59.9,62.9,89.3,5.1
China,2004,East Asia,Upper-middle,51.5,55.8,67.0,95.7,4.87
China,2005,East Asia,Upper-middle,47.3,62.2,63.1,90.8,5.19
China,2006,East Asia,Upper-middle,49.8,65.8,65.3,84.0,5.73
China,2007,East Asia,Upper-middle,51.2,70.8,62.0,88.0,4.44
China,2008,East Asia,Upper-middle,47.8,62.3,70.6,82.8,4.67
China,2009,East Asia,Upper-middle,44.5,59.5,68.6,76.5,5.44
China,2010,East Asia,Upper-middle,39.9,64.5,71.8,85.0,5.16
China,2011,East Asia,Upper-middle,43.4,66.1,69.8,77.0,5.82
China,2012,East Asia,Upper-middle,36.4,65.3,68.4,83.8,5.67
China,2013,East Asia,Upper-middle,38.2,65.1,71.1,79.8,5.51
China,2014,East Asia,Upper-middle,39.2,70.1,70.2,78.6,6.68
China,2015,East Asia,Upper-middle,36.1,64.5,74.4,75.1,5.77
China,2016,East Asia,Upper-middle,36.4,69.3,77.4,79.8,6.32
China,2017,East Asia,Upper-middle,34.0,67.9,67.3,72.2,6.43
China,2018,East Asia,Upper-middle,37.2,71.0,75.3,71.6,6.21
China,2019,East Asia,Upper-middle,36.7,68.3,77.1,76.9,6.04
China,2020,East Asia,Upper-middle,35.5,80.1,77.0,73.6,5.99
China,2021,East Asia,Upper-middle,33.3,75.0,78.7,66.8,6.45
China,2022,East Asia,Upper-middle,35.1,75.8,81.6,68.7,6.74
China,2023,East Asia,Upper-middle,31.4,73.1,80.9,64.6,6.27
Thailand,2000,Southeast Asia,Upper-middle,46.0,85.0,74.4,76.4,4.23
Thailand,2001,Southeast Asia,Upper-middle,44.3,86.7,74.2,74.5,4.36
Thailand,2002,Southeast Asia,Upper-middle,44.4,86.6,84.3,67.5,5.09
Thailand,2003,Southeast Asia,Upper-middle,42.0,91.3,81.3,78.7,4.49
Thailand,2004,Southeast Asia,Upper-middle,39.6,93.5,81.8,74.1,5.21
Thailand,2005,Southeast Asia,Upper-middle,38.8,92.2,81.5,71.8,4.83
Thailand,2006,Southeast Asia,Upper-middle,37.1,89.6,87.3,74.9,4.85
Thailand,2007,Southeast Asia,Upper-middle,39.4,91.5,88.3,69.6,5.05
Thailand,2008,Southeast Asia,Upper-middle,40.2,91.1,89.8,63.4,5.69
Thailand,2009,Southeast Asia,Upper-middle,36.6,93.2,82.1,66.7,4.7
Thailand,2010,Southeast Asia,Upper-middle,35.3,94.3,90.2,68.5,5.31
Thailand,2011,Southeast Asia,Upper-middle,33.6,93.2,93.2,63.7,5.93
Thailand,2012,Southeast Asia,Upper-middle,34.2,96.2,92.4,70.8,5.3
Thailand,2013,Southeast Asia,Upper-middle,33.1,96.8,91.5,68.4,5.43
Thailand,2014,Southeast Asia,Upper-middle,34.1,99.0,92.6,65.1,4.9
Thailand,2015,Southeast Asia,Upper-middle,27.4,99.0,92.3,60.9,5.68
Thailand,2016,Southeast Asia,Upper-middle,31.1,99.0,93.7,59.0,6.06
Thailand,2017,Southeast Asia,Upper-middle,30.0,99.0,93.3,58.5,5.77
Thailand,2018,Southeast Asia,Upper-middle,29.5,99.0,94.8,52.8,5.64
Thailand,2019,Southeast Asia,Upper-middle,30.1,99.0,95.8,63.1,5.61
Thailand,2020,Southeast Asia,Upper-middle,25.0,99.0,96.1,54.4,5.9
Thailand,2021,Southeast Asia,Upper-middle,27.8,99.0,99.0,64.6,5.91
Thailand,2022,Southeast Asia,Upper-middle,26.6,99.0,97.2,54.0,5.94
Thailand,2023,Southeast Asia,Upper-middle,25.8,99.0,98.4,53.8,6.18
Sri Lanka,2000,South Asia,Lower-middle,42.1,73.6,19.8,83.7,9.59
Sri Lanka,2001,South Asia,Lower-middle,36.7,72.9,28.1,85.6,8.79
Sri Lanka,2002,South Asia,Lower-middle,36.9,78.8,27.9,81.1,9.5
Sri Lanka,2003,South Asia,Lower-middle,33.1,79.9,25.8,81.6,9.17
Sri Lanka,2004,South Asia,Lower-middle,38.2,78.1,29.7,83.8,10.2
Sri Lanka,2005,South Asia,Lower-middle,35.4,84.4,26.0,70.9,9.88
Sri Lanka,2006,South Asia,Lower-middle,35.4,87.3,28.0,81.5,10.36
Sri Lanka,2007,South Asia,Lower-middle,35.3,85.8,32.5,72.1,10.24
Sri Lanka,2008,South Asia,Lower-middle,32.9,87.2,29.5,72.6,10.35
Sri Lanka,2009,South Asia,Lower-middle,32.6,90.3,34.1,69.0,10.21
Sri Lanka,2010,South Asia,Lower-middle,31.4,89.2,35.4,69.1,9.99
Sri Lanka,2011,South Asia,Lower-middle,35.1,89.5,36.1,78.5,10.09
Sri Lanka,2012,South Asia,Lower-middle,31.2,86.3,37.8,77.3,9.75
Sri Lanka,2013,South Asia,Lower-middle,32.3,89.6,36.0,76.1,10.05
Sri Lanka,2014,South Asia,Lower-middle,30.5,89.9,39.0,73.1,10.36
Sri Lanka,2015,South Asia,Lower-middle,25.3,88.6,42.4,69.5,10.11
Sri Lanka,2016,South Asia,Lower-middle,25.6,89.5,36.0,68.6,10.16
Sri Lanka,2017,South Asia,Lower-middle,25.4,92.8,42.9,76.3,9.87
Sri Lanka,2018,South Asia,Lower-middle,28.1,96.2,41.0,67.7,10.37
Sri Lanka,2019,South Asia,Lower-middle,25.8,98.3,45.4,67.9,10.46
Sri Lanka,2020,South Asia,Lower-middle,22.3,94.8,47.9,58.7,10.29
Sri Lanka,2021,South Asia,Lower-middle,24.1,93.6,43.8,62.1,10.24
Sri Lanka,2022,South Asia,Lower-middle,21.6,98.6,43.5,56.4,10.62
Sri Lanka,2023,South Asia,Lower-middle,23.6,97.2,46.6,61.9,10.25
Vietnam,2000,Southeast Asia,Lower-middle,57.3,82.2,85.5,92.8,4.87
Vietnam,2001,Southeast Asia,Lower-middle,58.6,83.2,83.3,90.0,5.37
Vietnam,2002,Southeast Asia,Lower-middle,56.3,83.1,91.2,90.3,5.31
Vietnam,2003,Southeast Asia,Lower-middle,53.8,83.6,88.5,92.6,4.85
Vietnam,2004,Southeast Asia,Lower-middle,51.4,83.7,83.8,88.3,5.57
Vietnam,2005,Southeast Asia,Lower-middle,54.7,88.1,92.4,85.8,5.28
Vietnam,2006,Southeast Asia,Lower-middle,53.0,80.1,88.5,85.1,4.53
Vietnam,2007,Southeast Asia,Lower-middle,52.1,84.2,87.6,87.8,5.71
Vietnam,2008,Southeast Asia,Lower-middle,51.4,84.8,94.2,87.7,5.63
Vietnam,2009,Southeast Asia,Lower-middle,47.7,87.1,96.7,81.5,6.42
Vietnam,2010,Southeast Asia,Lower-middle,47.3,87.2,93.0,83.6,4.96
Vietnam,2011,Southeast Asia,Lower-middle,46.1,85.2,95.9,85.5,6.0
Vietnam,2012,Southeast Asia,Lower-middle,40.5,93.8,97.3,77.3,5.88
Vietnam,2013,Southeast Asia,Lower-middle,45.5,87.8,98.0,76.8,5.73
Vietnam,2014,Southeast Asia,Lower-middle,42.3,86.7,98.8,80.5,6.18
Vietnam,2015,Southeast Asia,Lower-middle,44.8,91.9,98.1,80.3,5.51
Vietnam,2016,Southeast Asia,Lower-middle,39.5,89.4,99.0,79.6,6.32
Vietnam,2017,Southeast Asia,Lower-middle,43.1,90.4,99.0,74.2,6.55
Vietnam,2018,Southeast Asia,Lower-middle,39.1,92.5,99.0,77.0,6.02
Vietnam,2019,Southeast Asia,Lower-middle,38.0,91.6,97.0,73.2,6.61
Vietnam,2020,Southeast Asia,Lower-middle,37.7,90.1,99.0,62.4,6.99
Vietnam,2021,Southeast Asia,Lower-middle,33.3,98.9,99.0,66.5,6.07
Vietnam,2022,Southeast Asia,Lower-middle,35.6,94.4,99.0,67.0,5.89
Vietnam,2023,Southeast Asia,Lower-middle,28.2,97.9,99.0,65.6,6.96
Morocco,2000,MENA,Lower-middle,89.8,59.6,85.1,100.2,3.17
Morocco,2001,MENA,Lower-middle,90.3,57.6,84.9,98.2,4.62
Morocco,2002,MENA,Lower-middle,89.5,59.3,88.5,96.3,4.61
Morocco,2003,MENA,Lower-middle,90.6,58.5,83.3,87.7,4.45
Morocco,2004,MENA,Lower-middle,92.2,66.8,89.7,97.4,4.03
Morocco,2005,MENA,Lower-middle,81.5,65.1,89.5,92.0,4.49
Morocco,2006,MENA,Lower-middle,85.3,66.9,92.7,92.5,4.75
Morocco,2007,MENA,Lower-middle,84.2,63.3,92.3,83.6,4.91
Morocco,2008,MENA,Lower-middle,75.9,66.0,89.3,90.2,4.56
Morocco,2009,MENA,Lower-middle,72.6,67.1,90.9,90.3,4.65
Morocco,2010,MENA,Lower-middle,78.3,64.4,91.8,83.8,5.07
Morocco,2011,MENA,Lower-middle,81.4,65.6,96.9,75.7,4.33
Morocco,2012,MENA,Lower-middle,69.5,65.0,91.2,84.9,4.8
Morocco,2013,MENA,Lower-middle,72.8,70.9,96.8,84.7,4.94
Morocco,2014,MENA,Lower-middle,65.0,72.6,95.6,77.1,4.97
Morocco,2015,MENA,Lower-middle,64.3,69.7,98.9,81.1,4.76
Morocco,2016,MENA,Lower-middle,64.1,74.2,99.0,86.8,5.67
Morocco,2017,MENA,Lower-middle,68.5,68.8,99.0,77.1,5.06
Morocco,2018,MENA,Lower-middle,62.9,75.5,99.0,72.6,5.65
Morocco,2019,MENA,Lower-middle,58.0,74.4,99.0,74.0,5.74
Morocco,2020,MENA,Lower-middle,54.7,79.5,98.3,71.3,5.66
Morocco,2021,MENA,Lower-middle,59.1,75.2,99.0,74.2,5.5
Morocco,2022,MENA,Lower-middle,60.3,78.3,99.0,67.5,5.64
Morocco,2023,MENA,Lower-middle,52.1,74.5,99.0,68.0,6.01
Egypt,2000,MENA,Lower-middle,87.7,70.8,55.5,63.9,3.44
Egypt,2001,MENA,Lower-middle,83.4,71.5,53.6,71.2,2.7
Egypt,2002,MENA,Lower-middle,79.2,73.2,52.3,74.4,2.79
Egypt,2003,MENA,Lower-middle,82.9,75.1,53.8,66.3,3.41
Egypt,2004,MENA,Lower-middle,77.9,78.3,59.7,69.1,2.99
Egypt,2005,MENA,Lower-middle,73.2,74.6,58.6,66.8,2.38
Egypt,2006,MENA,Lower-middle,75.2,77.3,58.4,68.9,3.5
Egypt,2007,MENA,Lower-middle,78.1,77.1,62.4,69.5,3.93
Egypt,2008,MENA,Lower-middle,68.3,77.8,60.2,64.1,3.76
Egypt,2009,MENA,Lower-middle,67.5,79.4,56.9,67.0,3.36
Egypt,2010,MENA,Lower-middle,68.9,79.2,65.8,49.1,3.64
Egypt,2011,MENA,Lower-middle,66.8,79.7,68.2,56.0,4.03
Egypt,2012,MENA,Lower-middle,66.7,84.7,63.2,55.8,4.24
Egypt,2013,MENA,Lower-middle,65.3,78.5,64.5,59.5,4.21
Egypt,2014,MENA,Lower-middle,59.9,75.9,68.1,52.2,3.15
Egypt,2015,MENA,Lower-middle,51.0,86.0,68.0,55.3,4.59
Egypt,2016,MENA,Lower-middle,61.1,88.7,65.2,55.3,3.47
Egypt,2017,MENA,Lower-middle,56.6,84.9,71.2,54.7,4.44
Egypt,2018,MENA,Lower-middle,58.1,91.7,69.8,50.0,4.37
Egypt,2019,MENA,Lower-middle,51.4,90.8,70.8,50.6,4.16
Egypt,2020,MENA,Lower-middle,54.9,87.4,70.9,58.7,4.08
Egypt,2021,MENA,Lower-middle,51.0,90.2,69.4,53.1,4.08
Egypt,2022,MENA,Lower-middle,52.0,87.0,76.1,54.8,4.93
Egypt,2023,MENA,Lower-middle,48.5,89.6,73.9,55.4,4.38
Tunisia,2000,MENA,Upper-middle,51.8,72.8,39.6,33.4,4.63
Tunisia,2001,MENA,Upper-middle,55.1,74.3,40.3,34.0,4.84
Tunisia,2002,MENA,Upper-middle,53.2,74.4,39.3,25.8,4.67
Tunisia,2003,MENA,Upper-middle,53.1,77.8,42.4,36.8,4.29
Tunisia,2004,MENA,Upper-middle,52.9,77.1,42.2,33.2,4.73
Tunisia,2005,MENA,Upper-middle,50.5,78.1,44.5,40.0,5.12
Tunisia,2006,MENA,Upper-middle,50.3,79.0,48.1,32.1,4.73
Tunisia,2007,MENA,Upper-middle,47.0,79.3,38.6,30.5,4.6
Tunisia,2008,MENA,Upper-middle,50.1,80.3,44.5,29.0,4.46
Tunisia,2009,MENA,Upper-middle,46.6,81.8,50.8,25.7,4.97
Tunisia,2010,MENA,Upper-middle,41.5,83.6,50.7,30.4,5.03
Tunisia,2011,MENA,Upper-middle,44.3,86.6,49.7,28.6,4.68
Tunisia,2012,MENA,Upper-middle,40.5,83.7,54.1,26.6,5.1
Tunisia,2013,MENA,Upper-middle,40.4,82.9,53.0,21.3,5.78
Tunisia,2014,MENA,Upper-middle,38.8,86.8,50.1,29.5,5.61
Tunisia,2015,MENA,Upper-middle,40.1,83.3,54.8,21.7,5.32
Tunisia,2016,MENA,Upper-middle,40.4,88.5,55.2,22.2,5.76
Tunisia,2017,MENA,Upper-middle,37.2,81.5,58.1,25.6,6.06
Tunisia,2018,MENA,Upper-middle,33.7,80.2,57.8,26.4,4.98
Tunisia,2019,MENA,Upper-middle,32.9,95.8,57.3,27.8,5.48
Tunisia,2020,MENA,Upper-middle,29.4,89.3,58.3,22.9,5.77
Tunisia,2021,MENA,Upper-middle,33.5,90.1,56.8,26.0,5.11
Tunisia,2022,MENA,Upper-middle,27.3,93.1,62.2,23.5,5.41
Tunisia,2023,MENA,Upper-middle,29.2,91.4,57.9,20.4,6.31
Rwanda,2000,Sub-Saharan Africa,Low,515.1,70.6,28.1,47.5,8.33
Rwanda,2001,Sub-Saharan Africa,Low,485.5,79.5,25.3,52.6,8.17
Rwanda,2002,Sub-Saharan Africa,Low,477.7,76.5,26.3,49.4,8.34
Rwanda,2003,Sub-Saharan Africa,Low,476.1,78.0,31.3,52.6,8.02
Rwanda,2004,Sub-Saharan Africa,Low,479.1,75.6,31.8,50.7,7.76
Rwanda,2005,Sub-Saharan Africa,Low,454.0,78.2,29.4,53.0,8.34
Rwanda,2006,Sub-Saharan Africa,Low,426.5,80.3,33.9,46.5,9.14
Rwanda,2007,Sub-Saharan Africa,Low,443.7,75.5,31.9,44.2,8.95
Rwanda,2008,Sub-Saharan Africa,Low,371.0,88.1,35.5,46.4,9.31
Rwanda,2009,Sub-Saharan Africa,Low,460.8,84.7,37.5,45.7,8.85
Rwanda,2010,Sub-Saharan Africa,Low,394.8,81.2,34.3,39.2,8.96
Rwanda,2011,Sub-Saharan Africa,Low,361.1,84.5,36.9,44.5,8.86
Rwanda,2012,Sub-Saharan Africa,Low,446.8,88.2,34.8,44.3,8.9
Rwanda,2013,Sub-Saharan Africa,Low,355.4,82.3,40.0,40.0,9.61
Rwanda,2014,Sub-Saharan Africa,Low,386.0,89.8,37.7,44.0,9.56
Rwanda,2015,Sub-Saharan Africa,Low,347.0,85.2,44.9,42.4,9.64
Rwanda,2016,Sub-Saharan Africa,Low,330.5,84.9,40.4,40.4,9.03
Rwanda,2017,Sub-Saharan Africa,Low,337.2,84.5,39.9,42.9,9.78
Rwanda,2018,Sub-Saharan Africa,Low,320.0,87.0,41.1,38.1,9.87
Rwanda,2019,Sub-Saharan Africa,Low,336.8,89.1,41.8,40.1,9.36
Rwanda,2020,Sub-Saharan Africa,Low,298.3,94.4,47.7,39.0,9.26
Rwanda,2021,Sub-Saharan Africa,Low,303.4,94.5,45.6,43.2,10.37
Rwanda,2022,Sub-Saharan Africa,Low,322.8,93.4,49.0,42.8,10.11
Rwanda,2023,Sub-Saharan Africa,Low,270.0,92.3,49.1,31.4,9.95
